"","DateT","Sighting_no","StartPos","Min","Best","Max","Dist","Bearing","PS","Behaviour","Species.x","Pic_no","EndPos","Grp_no","Biopsy","Comments","TimeEnd","elemk","typdat","varn","pdat","Latitude_decimal","Longitude_decimal","id","Genus","lat_name","Species.y","dist","Date","SST_6am","time_diff","wind_speed","visibility"
"1",2021-08-10 13:47:00,5,"44d21.9395N 61d21.0084W",10,15,20,300,5,"S","Trav","pilot whale","C1:     C2:","44d21.8523N 61d20.5147W",1,"No","na",2021-08-10 13:52:00,NA,NA,NA,NA,44.3656583333333,61.35014,1,"Glob","Globicephala melas","pilot whale",0,2021-08-10,NA,1.23333333333333,5.9,5
"2",2021-08-11 17:43:00,8,"44d2.9578N 59d5.6842W",1,1,1,800,15,"S",NA,"sperm whale","C1:     C2:","d  d",1,"No","na",2021-08-11 17:45:00,NA,NA,NA,NA,44.0492966666667,59.0947366666667,2,"Pho","Physeter macrocephalus","sperm whale",0,2021-08-11,18.1,20,14,0.5
"3",2021-08-11 19:31:00,11,"43d58.7725N 58d58.717W",1,1,1,200,90,"P",NA,"northern bottlenose","C1:     C2:","d  d",1,"No","na",2021-08-11 19:38:00,NA,NA,NA,NA,43.9795416666667,58.9786166666667,3,"Hyp","Hyperoodon ampullatus","northern bottlenose whale",0.0800000000000001,2021-08-11,18.1,1.46666666666667,14,0.5
"4",2021-08-11 20:17:00,12,"43d56.5067N 58d58.7388W",6,8,12,5,0,"P","Bow","atlantic white side","C1:     C2:","d  d",1,"No","na",2021-08-11 20:19:00,NA,NA,NA,NA,43.9417783333333,58.97898,4,"Lag","Lagenorhynchus acutus","atlantic white-sided dolphin",0.151002506265664,2021-08-11,18.1,46,5,0
"5",2021-08-11 20:23:00,13,"43d56.1845N 58d58.7287W",1,2,3,20,120,"P",NA,"atlantic white side","C1:     C2:","43d55.5942N 58d58.4998W",1,"No","na",2021-08-11 20:34:00,NA,NA,NA,NA,43.9364083333333,58.9788116666667,5,"Lag","Lagenorhynchus acutus","atlantic white-sided dolphin",0.151002506265664,2021-08-11,18.1,40,5,0
"6",2021-08-12 06:14:00,16,"43d50.2486N 58d53.1283W",7,7,7,50,110,"P","Rest","northern bottlenose","C1:   4427-4448  C2:2080-2113","43d49.9402N 58d53.2286W",1,"No","na",2021-08-12 06:44:00,NA,NA,NA,NA,43.8374766666667,58.8854716666667,6,"Hyp","Hyperoodon ampullatus","northern bottlenose whale",0.0800000000000001,2021-08-12,18.7,9,2.5,0.2
"7",2021-08-12 06:45:00,18,"43d49.9321N 58d53.1183W",4,4,4,5,160,"P","Social Mill","northern bottlenose","C1:     C2:","d  d",1,"No","na",2021-08-12 06:53:00,NA,NA,NA,NA,43.8322016666667,58.885305,7,"Hyp","Hyperoodon ampullatus","northern bottlenose whale",0.0800000000000001,2021-08-12,18.7,40,2.5,0.2
"8",2021-08-12 07:35:00,20,"43d50.3115N 58d53.1414W",1,1,1,80,20,"S","Trav Mill","northern bottlenose","C1:     C2:","43d50.301N 58d53.1425W",1,"No","na",2021-08-12 07:38:00,NA,NA,NA,NA,43.838525,58.88569,8,"Hyp","Hyperoodon ampullatus","northern bottlenose whale",0.0800000000000001,2021-08-12,18.7,1.5,2.5,0.2
"9",2021-08-12 08:18:00,21,"43d51.4569N 58d54.4997W",2,2,2,20,30,"P","Social Mill","northern bottlenose","C1:   4511-4532  C2:2251-2336","43d51.4921N 58d54.4153W",1,"No","na",2021-08-12 08:08:29,NA,NA,NA,NA,43.857615,58.9083283333333,9,"Hyp","Hyperoodon ampullatus","northern bottlenose whale",0.0800000000000001,2021-08-12,18.7,53,4.8,0.1
"10",2021-08-12 08:41:00,22,"43d51.4556N 58d54.3093W",2,2,2,400,120,"S",NA,"northern bottlenose","C1:4533-4587     C2:2338-2440","43d51.4371N 58d54.891W",1,"No","na",2021-08-12 09:12:00,NA,NA,NA,NA,43.8575933333333,58.905155,10,"Hyp","Hyperoodon ampullatus","northern bottlenose whale",0.0800000000000001,2021-08-12,18.7,30,4.8,0.1
"11",2021-08-12 09:27:00,23,"43d51.16N 58d54.6061W",1,1,1,250,90,"P","Trav","northern bottlenose","C1:     C2:","d  d",1,"No","na",2021-08-12 10:00:00,NA,NA,NA,NA,43.8526666666667,58.9101016666667,11,"Hyp","Hyperoodon ampullatus","northern bottlenose whale",0.0800000000000001,2021-08-12,18.7,16,4.8,0.1
"12",2021-08-12 11:45:00,24,"43d55.1793N 58d58.3085W",6,8,10,500,40,"S","Trav Rest","pilot whale","C1:     C2:","d  d",1,"No","na",2021-08-12 11:53:00,NA,NA,NA,NA,43.919655,58.9718083333333,12,"Glob","Globicephala melas","pilot whale",0,2021-08-12,18.7,18,6,3
"13",2021-08-12 15:29:00,25,"43d51.7681N 58d54.665W",4,4,4,20,160,"S","Mill","northern bottlenose","C1:   4588-4609  C2:2443-2480","43d51.747N 58d54.4701W",1,"No","na",2021-08-12 15:38:00,NA,NA,NA,NA,43.8628016666667,58.9110833333333,13,"Hyp","Hyperoodon ampullatus","northern bottlenose whale",0.0800000000000001,2021-08-12,18.7,26,7,0.1
"14",2021-08-12 16:28:00,26,"43d52.9194N 58d55.972W",2,2,12,20,160,"P","Trav","northern bottlenose","C1:  4710-4615   C2:2482-2509","43d52.8382N 58d55.9798W",1,"No","na",2021-08-12 16:35:00,NA,NA,NA,NA,43.88199,58.9328666666667,14,"Hyp","Hyperoodon ampullatus","northern bottlenose whale",0.0800000000000001,2021-08-12,18.7,1.41666666666667,7,0.1
"15",2021-08-12 17:12:00,27,"43d53.7553N 58d56.669W",8,8,10,300,0,"P","Trav","pilot whale","C1:     C2:","43d53.8474N 58d56.6916W",1,"No","na",2021-08-12 17:15:00,NA,NA,NA,NA,43.8959216666667,58.9444833333333,15,"Glob","Globicephala melas","pilot whale",0,2021-08-12,18.7,53,5.4,0.2
"16",2021-08-12 18:31:00,28,"43d56.4769N 58d58.4331W",1,1,1,100,100,"P",NA,"northern bottlenose","C1:     C2:","d  d",1,"No","na",2021-08-12 18:35:00,NA,NA,NA,NA,43.9412816666667,58.973885,16,"Hyp","Hyperoodon ampullatus","northern bottlenose whale",0.0800000000000001,2021-08-12,18.7,26,5.4,0.2
"17",2021-08-12 18:37:00,29,"43d56.4699N 58d58.4397W",2,2,2,150,100,"P","Trav","northern bottlenose","C1: 4616-4618    C2:2510","43d56.2764N 58d58.5119W",1,"No","na",2021-08-12 18:46:00,NA,NA,NA,NA,43.941165,58.973995,17,"Hyp","Hyperoodon ampullatus","northern bottlenose whale",0.0800000000000001,2021-08-12,18.7,30,7.2,0.1
"18",2021-08-12 19:35:00,30,"43d55.8721N 58d58.6736W",10,15,20,50,70,"P","Trav","common dolphin","C1:     C2:","43d55.8721N 58d58.6736W",1,"No","na",2021-08-12 19:44:00,NA,NA,NA,NA,43.9312016666667,58.9778933333333,18,"Del","Delphinus delphis","common dolphin",0,2021-08-12,18.7,28,7.2,0.1
"19",2021-08-13 07:21:00,31,"43d58.501N 58d59.8672W",2,2,2,100,30,"S",NA,"northern bottlenose","C1:     C2:","d  d",1,"No","na",2021-08-13 07:30:00,NA,NA,NA,NA,43.9750166666667,58.9977866666667,19,"Hyp","Hyperoodon ampullatus","northern bottlenose whale",0.0800000000000001,2021-08-13,18.9,1.21666666666667,10.2,1
"20",2021-08-13 07:47:00,32,"43d59.3538N 58d59.7854W",3,3,5,10,0,"P","Trav","pilot whale","C1:     C2:","43d59.0544N 58d59.4587W",1,"No","na",2021-08-13 07:53:00,NA,NA,NA,NA,43.98923,58.9964233333333,20,"Glob","Globicephala melas","pilot whale",0,2021-08-13,18.9,1.26666666666667,11,0.1
"21",2021-08-13 07:56:00,33,"43d58.8981N 58d59.3515W",3,3,4,100,70,"P","Rest","pilot whale","C1:     C2:","43d58.0371N 58d58.7407W",1,"No","na",2021-08-13 08:00:00,NA,NA,NA,NA,43.981635,58.9891916666667,21,"Glob","Globicephala melas","pilot whale",0,2021-08-13,18.9,1.11666666666667,11,0.1
"22",2021-08-13 09:39:00,35,"43d54.5963N 58d59.5825W",5,5,10,150,30,"S","Trav","pilot whale","C1:     C2:","d  d",1,"No","na",2021-08-13 09:42:00,NA,NA,NA,NA,43.9099383333333,58.9930416666667,22,"Glob","Globicephala melas","pilot whale",0,2021-08-13,18.9,36,11,0.1
"23",2021-08-13 15:16:00,36,"43d52.4825N 58d55.2844W",2,2,3,2000,10,"P","Brea","northern bottlenose","C1:     C2:","d  d",1,"No","na",2021-08-13 00:00:00,NA,NA,NA,NA,43.8747083333333,58.9214066666667,23,"Hyp","Hyperoodon ampullatus","northern bottlenose whale",0.0800000000000001,2021-08-13,18.9,11,16.4,4
"24",2021-08-13 16:01:00,37,"43d52.7133N 58d55.8261W",1,2,2,300,90,"P","Trav","pilot whale","C1:     C2:","d  d",1,"No","na",2021-08-13 16:03:00,NA,NA,NA,NA,43.878555,58.930435,24,"Glob","Globicephala melas","pilot whale",0,2021-08-13,18.9,56,16.4,4
"25",2021-08-13 16:16:00,38,"43d52.4467N 58d55.3101W",3,3,5,800,100,"P","Social","pilot whale","C1:     C2:","43d52.5316N 58d54.9583W",1,"No","na",2021-08-13 16:21:00,NA,NA,NA,NA,43.8741116666667,58.921835,25,"Glob","Globicephala melas","pilot whale",0,2021-08-13,18.9,1.18333333333333,16.4,4
"26",2021-08-13 17:00:00,39,"43d51.7342N 58d55.0068W",3,4,5,500,0,"P","Trav","pilot whale","C1:     C2:","43d51.7091N 58d54.7002W",1,"No","na",2021-08-13 17:04:00,NA,NA,NA,NA,43.8622366666667,58.91678,26,"Glob","Globicephala melas","pilot whale",0,2021-08-13,18.9,1.2,11,4
"27",2021-08-13 17:19:00,40,"43d51.4118N 58d54.0141W",3,3,3,500,20,"P","Rest Brea Mill","northern bottlenose","C1:   4620-4773  C2:2510-2613","d  d",1,"No","C1 from the mast,horizon poor",2021-08-13 17:58:00,NA,NA,NA,NA,43.8568633333333,58.900235,27,"Hyp","Hyperoodon ampullatus","northern bottlenose whale",0.0800000000000001,2021-08-13,18.9,53,11,4
"28",2021-08-13 18:22:00,41,"43d51.759N 58d53.6735W",1,1,1,400,165,"S","Trav","pilot whale","C1:     C2:","d  d",1,"No","na",2021-08-13 18:23:00,NA,NA,NA,NA,43.86265,58.8945583333333,28,"Glob","Globicephala melas","pilot whale",0,2021-08-13,18.9,10,11,4
"29",2021-08-14 07:59:00,44,"43d54.0211N 58d57.3604W",1,1,1,20,180,"P","Rest","fin whale","C1:     C2:","43d54.0291N 58d57.6316W",1,"No","na",2021-08-14 08:02:00,NA,NA,NA,NA,43.9003516666667,58.9560066666667,29,"Balt","Balaenoptera physalus","fin whale",0,2021-08-14,19.1,1.1,11.4,0.1
"30",2021-08-14 07:56:00,43,"43d54.0359N 58d57.1554W",3,3,3,200,50,"P","Trav","northern bottlenose","C1: 4774-4783    C2:1102-3643","d  d",1,"No","na",2021-08-14 08:15:00,NA,NA,NA,NA,43.9005983333333,58.95259,30,"Hyp","Hyperoodon ampullatus","northern bottlenose whale",0.0800000000000001,2021-08-14,19.1,1.15,11.4,0.1
"31",2021-08-14 08:01:00,45,"43d54.016N 58d57.3888W",3,3,3,400,10,"S","Mill","sowerby's","C1:   4784- 4824 C2: 2644-2710","d  d",1,"No","na",2021-08-14 08:18:00,NA,NA,NA,NA,43.9002666666667,58.95648,31,"Meso","Mesoplodon bidens","sowerby’s beaked whale",0.249158249158249,2021-08-14,19.1,1.06666666666667,11.4,0.1
"32",2021-08-14 08:21:00,45,"d  d",1,1,1,200,90,"P",NA,"fin whale","C1:     C2:","d  d",1,"No","na",2021-08-14 08:21:00,NA,NA,NA,NA,NA,NA,32,"Balt","Balaenoptera physalus","fin whale",0,2021-08-14,19.1,44,11.4,0.1
"33",2021-08-14 08:27:00,46,"43d54.181N 58d57.3735W",1,1,1,100,90,"S",NA,"fin whale","C1:     C2:2718","d  d",1,"No","along with nbw, left side pic",2021-08-14 08:43:00,NA,NA,NA,NA,43.9030166666667,58.956225,33,"Balt","Balaenoptera physalus","fin whale",0,2021-08-14,19.1,38,11.4,0.1
"34",2021-08-14 08:23:00,46,"43d54.1294N 58d57.4182W",5,5,5,450,100,"P","Rest","northern bottlenose","C1: 4825-4840    C2:2713-2772","43d54.119N 58d57.4194W",1,"No","na",2021-08-14 08:36:00,NA,NA,NA,NA,43.9021566666667,58.95697,34,"Hyp","Hyperoodon ampullatus","northern bottlenose whale",0.0800000000000001,2021-08-14,19.1,42,11.4,0.1
"35",2021-08-14 09:46:00,47,"43d53.2766N 58d57.2693W",2,2,3,50,170,"S",NA,"sowerby's","C1:     C2:","d  d",1,"No","in the fog",2021-08-14 09:49:00,NA,NA,NA,NA,43.8879433333333,58.9544883333333,35,"Meso","Mesoplodon bidens","sowerby’s beaked whale",0.249158249158249,2021-08-14,19.1,41,11.4,0.1
"36",2021-08-14 09:56:00,48,"43d53.2753N 58d57.2672W",4,4,4,300,20,"P","Mill","sowerby's","C1:     C2:","43d53.2528N 58d57.1001W",1,"No","na",2021-08-14 09:57:00,NA,NA,NA,NA,43.8879216666667,58.9544533333333,36,"Meso","Mesoplodon bidens","sowerby’s beaked whale",0.249158249158249,2021-08-14,19.1,51,11.4,0.1
"37",2021-08-14 12:16:00,2,"43d52.9067N 58d56.0472W",2,2,3,50,30,"S","Rest","northern bottlenose","C1: 4849 - 4877   C2:2773-2801","43d52.9927N 58d55.6741W",1,NA,"na",2021-08-14 12:25:00,NA,NA,NA,NA,43.8817783333333,58.93412,37,"Hyp","Hyperoodon ampullatus","northern bottlenose whale",0.0800000000000001,2021-08-14,19.1,14,13.8,1
"38",2021-08-14 13:04:00,5,"43d53.5886N 58d56.3858W",3,5,5,100,70,"S","Mill","pilot whale","C1:     C2:","43d53.9635N 58d56.7929W",1,NA,"na",2021-08-14 13:18:00,NA,NA,NA,NA,43.8931433333333,58.9397633333333,38,"Glob","Globicephala melas","pilot whale",0,2021-08-14,19.1,1.03333333333333,13.8,1
"39",2021-08-14 17:49:00,7,"43d56.7588N 58d59.904W",3,4,5,15,162,"P","Trav","pilot whale","C1:     C2:","d  d",1,NA,"na",2021-08-14 17:54:00,NA,NA,NA,NA,43.94598,58.9984,39,"Glob","Globicephala melas","pilot whale",0,2021-08-14,19.1,15,11,0.3
"40",2021-08-14 19:08:00,8,"43d53.5196N 58d55.888W",2,2,3,50,70,"S",NA,"sowerby's","C1:  4888 - 4916   C2: 2806 - 2837","d  d",1,NA,"na",2021-08-14 19:17:00,NA,NA,NA,NA,43.8919933333333,58.9314666666667,40,"Meso","Mesoplodon bidens","sowerby’s beaked whale",0.249158249158249,2021-08-14,19.1,1.06666666666667,11,0.3
"41",2021-08-14 19:15:00,9,"43d53.1854N 58d55.4996W",6,7,8,50,60,"P",NA,"pilot whale","C1:     C2:","43d53.0132N 58d55.354W",1,NA,"na",2021-08-14 19:19:00,NA,NA,NA,NA,43.8864233333333,58.9249933333333,41,"Glob","Globicephala melas","pilot whale",0,2021-08-14,19.1,1.18333333333333,11,0.3
"42",2021-08-15 08:17:00,10,"43d54.1971N 58d57.4727W",1,1,2,20,60,"P",NA,"pilot whale","C1:     C2:","43d54.2965N 58d57.6142W",1,NA,"na",2021-08-15 08:20:00,NA,NA,NA,NA,43.903285,58.9578783333333,42,"Glob","Globicephala melas","pilot whale",0,2021-08-15,20,48,13,0.1
"43",2021-08-15 08:37:00,11,"43d55.1798N 58d58.5859W",5,7,9,20,30,"S",NA,"pilot whale","C1:     C2:","43d55.2891N 58d58.7179W",1,NA,"na",2021-08-15 08:40:00,NA,NA,NA,NA,43.9196633333333,58.9764316666667,43,"Glob","Globicephala melas","pilot whale",0,2021-08-15,20,28,13,0.1
"44",2021-08-15 11:38:00,12,"44d0.2372N 59d0.307W",3,4,5,400,45,"S",NA,"pilot whale","C1:     C2:","44d0.0019N 59d0.1506W",1,NA,"na",2021-08-15 11:43:00,NA,NA,NA,NA,44.0039533333333,59.0051166666667,44,"Glob","Globicephala melas","pilot whale",0,2021-08-15,20,26,12.5,0.2
"45",2021-08-15 12:29:00,13,"43d57.9058N 58d58.6215W",5,6,7,30,90,"P",NA,"pilot whale","C1:     C2:","d  d",1,NA,"na",2021-08-15 12:30:00,NA,NA,NA,NA,43.9650966666667,58.977025,45,"Glob","Globicephala melas","pilot whale",0,2021-08-15,20,25,12.5,0.2
"46",2021-08-15 14:55:00,14,"43d52.1766N 58d55.6301W",7,7,7,25,160,"S","Mill","northern bottlenose","C1:  4917 - 5064   C2: 2840 - 2958","43d52.1647N 58d55.6764W",1,NA,"na",2021-08-15 15:11:00,NA,NA,NA,NA,43.86961,58.9271683333333,46,"Hyp","Hyperoodon ampullatus","northern bottlenose whale",0.0800000000000001,2021-08-15,20,1.05,11,1
"47",2021-08-15 15:19:00,15,"43d52.1082N 58d55.449W",6,7,8,400,60,"P",NA,"northern bottlenose","C1: 5065 - 5249     C2: 2962 - 3086","43d52.1268N 58d55.5589W",1,NA,"na",2021-08-15 15:38:00,NA,NA,NA,NA,43.86847,58.92415,47,"Hyp","Hyperoodon ampullatus","northern bottlenose whale",0.0800000000000001,2021-08-15,20,39,11,1
"48",2021-08-15 16:02:00,16,"43d52.1668N 58d55.7387W",5,5,6,300,5,"S","Mill","northern bottlenose","C1:5250-5295     C2:3088-3166","43d52.2151N 58d55.5739W",1,NA,"tail slaps, 1 calf and one medium sized",2021-08-15 16:16:00,NA,NA,NA,NA,43.8694466666667,58.9289783333333,48,"Hyp","Hyperoodon ampullatus","northern bottlenose whale",0.0800000000000001,2021-08-15,20,4,11,1
"49",2021-08-15 18:15:00,17,"43d49.2026N 58d53.723W",8,10,12,250,90,"P",NA,"pilot whale","C1:     C2:","43d49.2012N 58d53.7221W",1,NA,"na",2021-08-15 18:18:00,NA,NA,NA,NA,43.8200433333333,58.8953833333333,49,"Glob","Globicephala melas","pilot whale",0,2021-08-15,20,14,11.6,0.1
"50",2021-08-15 20:31:00,18,"43d52.6022N 58d55.7042W",2,2,3,50,160,"S","Mill","northern bottlenose","C1:     C2:","d  d",1,NA,"na",2021-08-15 20:31:00,NA,NA,NA,NA,43.8767033333333,58.9284033333333,50,"Hyp","Hyperoodon ampullatus","northern bottlenose whale",0.0800000000000001,2021-08-15,20,32,11,0.5
"51",2021-08-16 06:51:00,19,"43d50.4364N 58d56.466W",1,1,1,50,10,"S","Trav Mill","northern bottlenose","C1:  5297 - 5329   C2: 3167 - 3239","43d51.5093N 58d55.7264W",1,NA,"715: clicks on hydrophone worth looking at, startrd with 2 individuals that were joined by two others",2021-08-16 07:31:00,NA,NA,NA,NA,43.8406066666667,58.9411,51,"Hyp","Hyperoodon ampullatus","northern bottlenose whale",0.0800000000000001,2021-08-16,20.4,47,8.1,0.1
"52",2021-08-16 08:37:00,21,"43d51.8542N 58d54.5737W",3,3,3,40,165,"S","Trav","sowerby's","C1:     C2:","d  d",1,NA,"na",2021-08-16 08:37:00,NA,NA,NA,NA,43.8642366666667,58.9095616666667,52,"Meso","Mesoplodon bidens","sowerby’s beaked whale",0.249158249158249,2021-08-16,20.4,44,8.5,4
"53",2021-08-16 08:41:00,22,"43d51.8511N 58d54.6088W",2,2,2,200,45,"P","Trav","pilot whale","C1:     C2:","d  d",1,NA,"na",2021-08-16 08:42:00,NA,NA,NA,NA,43.864185,58.9101466666667,53,"Glob","Globicephala melas","pilot whale",0,2021-08-16,20.4,40,8.5,4
"54",2021-08-16 09:15:00,23,"43d52.6045N 58d54.5975W",1,1,1,200,10,"P",NA,"sowerby's","C1:     C2:","d  d",1,NA,"na",2021-08-16 09:19:00,NA,NA,NA,NA,43.8767416666667,58.9099583333333,54,"Meso","Mesoplodon bidens","sowerby’s beaked whale",0.249158249158249,2021-08-16,20.4,6,8.5,4
"55",2021-08-16 07:51:00,20,"43d51.5228N 58d54.8228W",4,5,6,500,0,"P","Mill","northern bottlenose","C1: 5297- 5460   C2:3167-3381","d  d",1,NA,"drone flights",2021-08-16 09:20:00,NA,NA,NA,NA,43.8587133333333,58.9137133333333,55,"Hyp","Hyperoodon ampullatus","northern bottlenose whale",0.0800000000000001,2021-08-16,20.4,1.5,8.5,4
"56",2021-08-16 09:26:00,21,"43d52.7505N 58d55.1859W",2,2,2,30,90,"S",NA,"sowerby's","C1:   5462-5467  C2:3382-3403","d  d",1,NA,"na",2021-08-16 09:30:00,NA,NA,NA,NA,43.879175,58.919765,56,"Meso","Mesoplodon bidens","sowerby’s beaked whale",0.249158249158249,2021-08-16,20.4,5,8.5,4
"57",2021-08-16 09:47:00,22,"43d52.697N 58d55.4447W",4,5,6,80,45,"S",NA,"northern bottlenose","C1:   5469 - 5550  C2: 3405 - 3440","43d52.3451N 58d55.2176W",1,NA,"na",2021-08-16 10:08:00,NA,NA,NA,NA,43.8782833333333,58.9240783333333,57,"Hyp","Hyperoodon ampullatus","northern bottlenose whale",0.0800000000000001,2021-08-16,20.4,26,8.5,4
"58",2021-08-16 10:09:00,23,"43d52.2929N 58d55.184W",2,3,3,150,50,"S",NA,"sowerby's","C1: 5551 - 5554    C2: 3442 - 3447","43d52.1301N 58d55.095W",1,NA,"na",2021-08-16 10:16:00,NA,NA,NA,NA,43.8715483333333,58.9197333333333,58,"Meso","Mesoplodon bidens","sowerby’s beaked whale",0.249158249158249,2021-08-16,20.4,48,8.5,4
"59",2021-08-16 10:46:00,25,"43d52.0098N 58d55.7883W",1,1,1,400,90,"S",NA,"sowerby's","C1:     C2:","43d52.0088N 58d55.7862W",1,NA,"na",2021-08-16 10:46:00,NA,NA,NA,NA,43.86683,58.929805,59,"Meso","Mesoplodon bidens","sowerby’s beaked whale",0.249158249158249,2021-08-16,20.4,1.3,9.8,4
"60",2021-08-16 10:19:00,24,"43d51.7856N 58d55.0889W",8,8,8,400,10,"P","Mill","northern bottlenose","C1:     C2:","43d51.9496N 58d55.1139W",1,NA,"3  distant",2021-08-16 10:30:00,NA,NA,NA,NA,43.8630933333333,58.9181483333333,60,"Hyp","Hyperoodon ampullatus","northern bottlenose whale",0.0800000000000001,2021-08-16,20.4,58,8.5,4
"61",2021-08-16 10:48:00,26,"43d52.0713N 58d55.7098W",4,4,5,300,0,"P",NA,"northern bottlenose","C1:     C2:","43d52.1172N 58d55.6242W",1,NA,"na",2021-08-16 10:52:00,NA,NA,NA,NA,43.867855,58.9284966666667,61,"Hyp","Hyperoodon ampullatus","northern bottlenose whale",0.0800000000000001,2021-08-16,20.4,1.26666666666667,9.8,4
"62",2021-08-16 11:19:00,28,"43d52.5348N 58d55.6153W",2,2,2,75,30,"P","Trav","pilot whale","C1:     C2:","d  d",1,NA,"na",2021-08-16 11:22:00,NA,NA,NA,NA,43.87558,58.9269216666667,62,"Glob","Globicephala melas","pilot whale",0,2021-08-16,20.4,45,9.8,4
"63",2021-08-16 11:09:00,27,"43d52.5083N 58d55.7013W",5,5,5,125,40,"S","Trav Rest","northern bottlenose","C1: 5631-5637    C2: 3545-","d  d",1,NA,"na",2021-08-16 11:20:00,NA,NA,NA,NA,43.8751383333333,58.928355,63,"Hyp","Hyperoodon ampullatus","northern bottlenose whale",0.0800000000000001,2021-08-16,20.4,55,9.8,4
"64",2021-08-16 11:37:00,29,"43d52.5342N 58d55.828W",4,4,4,200,20,"P","Trav","northern bottlenose","C1:     C2:","43d52.1952N 58d55.4415W",1,NA,"no photos",2021-08-16 11:45:00,NA,NA,NA,NA,43.87557,58.9304666666667,64,"Hyp","Hyperoodon ampullatus","northern bottlenose whale",0.0800000000000001,2021-08-16,20.4,27,9.8,4
"65",2021-08-16 11:53:00,30,"43d52.2056N 58d55.429W",2,2,2,350,90,"P",NA,"northern bottlenose","C1:     C2:","43d52.2614N 58d55.5227W",1,NA,"no photos",2021-08-16 11:58:00,NA,NA,NA,NA,43.8700933333333,58.9238166666667,65,"Hyp","Hyperoodon ampullatus","northern bottlenose whale",0.0800000000000001,2021-08-16,20.4,11,9.8,4
"66",2021-08-16 12:19:00,30,"43d52.178N 58d55.8891W",4,4,4,800,90,"S",NA,"northern bottlenose","C1:     C2:","d  d",1,NA,"1 breaching in distance,others travelling towards it",2021-08-16 12:25:00,NA,NA,NA,NA,43.8696333333333,58.931485,66,"Hyp","Hyperoodon ampullatus","northern bottlenose whale",0.0800000000000001,2021-08-16,20.4,15,9.8,4
"67",2021-08-16 12:32:00,31,"43d52.6154N 58d55.7007W",5,5,5,400,50,"S","Trav Mill","northern bottlenose","C1:    5641-5773 C2:3612-3871","d  d",1,NA,NA,2021-08-16 13:58:00,NA,NA,NA,NA,43.8769233333333,58.928345,67,"Hyp","Hyperoodon ampullatus","northern bottlenose whale",0.0800000000000001,2021-08-16,20.4,28,9.8,4
"68",2021-08-16 14:22:00,31,"43d51.6523N 58d55.5506W",1,1,1,500,110,"P",NA,"northern bottlenose","C1:     C2:","d  d",1,NA,"na",2021-08-16 14:27:00,NA,NA,NA,NA,43.8608716666667,58.9258433333333,68,"Hyp","Hyperoodon ampullatus","northern bottlenose whale",0.0800000000000001,2021-08-16,20.4,40,11,5
"69",2021-08-16 14:29:00,32,"43d51.6947N 58d55.2302W",3,3,3,400,45,"P",NA,"northern bottlenose","C1:     C2:","43d51.6675N 58d55.5575W",1,NA,"na",2021-08-16 14:43:00,NA,NA,NA,NA,43.8615783333333,58.9205033333333,69,"Hyp","Hyperoodon ampullatus","northern bottlenose whale",0.0800000000000001,2021-08-16,20.4,33,11,5
"70",2021-08-16 14:45:00,33,"43d51.7471N 58d55.6354W",3,3,3,300,39,"P",NA,"northern bottlenose","C1: 5777-5781  C2: 3876-3890","43d51.6399N 58d56.0318W",1,NA,"na",2021-08-16 15:04:00,NA,NA,NA,NA,43.8624516666667,58.9272566666667,70,"Hyp","Hyperoodon ampullatus","northern bottlenose whale",0.0800000000000001,2021-08-16,20.4,17,11,5
"71",2021-08-16 15:36:00,35,"43d51.2444N 58d55.813W",3,5,7,250,10,"P","Trav","pilot whale","C1:     C2:","d  d",1,NA,"na",2021-08-16 15:39:00,NA,NA,NA,NA,43.8540733333333,58.9302166666667,71,"Glob","Globicephala melas","pilot whale",0,2021-08-16,20.4,34,11,5
"72",2021-08-16 15:27:00,34,"43d51.9306N 58d55.5882W",3,5,5,800,45,"P","Trav Rest","northern bottlenose","C1: 5784-5929    C2: 3892  - 3952","d  d",1,NA,"tail slapping, breaching",2021-08-16 15:55:00,NA,NA,NA,NA,43.86551,58.92647,72,"Hyp","Hyperoodon ampullatus","northern bottlenose whale",0.0800000000000001,2021-08-16,20.4,25,11,5
"73",2021-08-16 16:25:00,36,"43d50.5538N 58d56.0081W",4,4,5,800,30,"P",NA,"northern bottlenose","C1:     C2: 3957 -","43d51.7844N 58d55.3965W",1,NA,"na",2021-08-16 17:10:00,NA,NA,NA,NA,43.8425633333333,58.9334683333333,73,"Hyp","Hyperoodon ampullatus","northern bottlenose whale",0.0800000000000001,2021-08-16,20.4,1.38333333333333,11,5
"74",2021-08-16 17:10:00,37,"43d51.757N 58d55.3136W",3,6,7,200,30,"S","Trav Social Brea Mill","northern bottlenose","C1:5930-6298     C2:4036-4220","43d51.4453N 58d55.0511W",1,NA,"may be breakaway group from previous encounter, breaching near and far.",2021-08-16 17:54:00,NA,NA,NA,NA,43.8626166666667,58.9218933333333,74,"Hyp","Hyperoodon ampullatus","northern bottlenose whale",0.0800000000000001,2021-08-16,20.4,51,12.8,5
"75",2021-08-16 18:03:00,38,"43d51.401N 58d54.2937W",1,1,1,500,10,"P",NA,"northern bottlenose","C1:     C2:","d  d",1,NA,"na",2021-08-16 18:06:00,NA,NA,NA,NA,43.8566833333333,58.904895,75,"Hyp","Hyperoodon ampullatus","northern bottlenose whale",0.0800000000000001,2021-08-16,20.4,2,12.8,5
"76",2021-08-16 18:52:00,40,"43d51.2435N 58d53.7028W",10,12,15,700,20,"P","Trav","pilot whale","C1:     C2:","d  d",1,NA,"na",2021-08-16 18:58:00,NA,NA,NA,NA,43.8540583333333,58.8950466666667,76,"Glob","Globicephala melas","pilot whale",0,2021-08-16,20.4,51,12.8,5
"77",2021-08-16 18:44:00,39,"43d51.1839N 58d54.0037W",2,2,2,500,90,"P","Trav","northern bottlenose","C1:     C2:","d  d",1,NA,"NA",2021-08-16 18:54:00,NA,NA,NA,NA,43.853065,58.9000616666667,77,"Hyp","Hyperoodon ampullatus","northern bottlenose whale",0.0800000000000001,2021-08-16,20.4,43,12.8,5
"78",2021-08-16 19:25:00,42,"43d50.9463N 58d53.9288W",2,2,2,600,70,"S",NA,"northern bottlenose","C1:22     C2:","43d50.861N 58d53.9574W",1,NA,"did not chase",2021-08-16 19:33:00,NA,NA,NA,NA,43.849105,58.8988133333333,78,"Hyp","Hyperoodon ampullatus","northern bottlenose whale",0.0800000000000001,2021-08-16,20.4,1.4,12.8,5
"79",2021-08-16 19:21:00,41,"43d50.9861N 58d53.9021W",5,5,5,50,90,"P","Trav Social","pilot whale","C1:     C2:","43d50.9476N 58d53.9281W",1,NA,"na",2021-08-16 19:25:00,NA,NA,NA,NA,43.8497683333333,58.8983683333333,79,"Glob","Globicephala melas","pilot whale",0,2021-08-16,20.4,1.33333333333333,12.8,5
"80",2021-08-16 19:52:00,42,"43d50.6497N 58d54.0321W",3,3,3,600,110,"P","Brea","sowerby's","C1:     C2:","43d50.6488N 58d54.032W",1,NA,"na",2021-08-16 19:54:00,NA,NA,NA,NA,43.8441616666667,58.900535,80,"Meso","Mesoplodon bidens","sowerby’s beaked whale",0.249158249158249,2021-08-16,20.4,1.23333333333333,8.4,0
"81",2021-08-16 20:15:00,43,"43d50.4141N 58d54.1133W",3,3,3,5,160,"S","Trav","pilot whale","C1:     C2:","d  d",1,NA,"na",2021-08-16 20:16:00,NA,NA,NA,NA,43.840235,58.9018883333333,81,"Glob","Globicephala melas","pilot whale",0,2021-08-16,20.4,51,8.4,0
"82",2021-08-17 05:12:00,44,"43d51.2098N 58d56.1263W",4,5,6,20,170,"S","Trav","pilot whale","C1:     C2:","d  d",1,NA,"na",2021-08-17 05:15:00,NA,NA,NA,NA,43.8534966666667,58.9354383333333,82,"Glob","Globicephala melas","pilot whale",0,2021-08-17,20.5,48,10,5
"83",2021-08-17 05:59:00,45,"43d51.6659N 58d54.8258W",2,2,2,150,20,"P","Trav","sowerby's","C1:     C2:","43d51.6546N 58d54.8022W",1,NA,"na",2021-08-17 06:00:00,NA,NA,NA,NA,43.8610983333333,58.9137633333333,83,"Meso","Mesoplodon bidens","sowerby’s beaked whale",0.249158249158249,2021-08-17,20.5,1,10,5
"84",2021-08-17 07:10:00,47,"43d52.1863N 58d53.6783W",5,10,12,200,180,"P","Trav","pilot whale","C1:     C2:","d  d",1,NA,"na",2021-08-17 07:16:00,NA,NA,NA,NA,43.8697716666667,58.8946383333333,84,"Glob","Globicephala melas","pilot whale",0,2021-08-17,20.5,1.16666666666667,10,5
"85",2021-08-17 07:02:00,46,"43d51.8887N 58d53.7248W",3,4,4,300,5,"S","Trav","northern bottlenose","C1:     C2:","d  d",1,NA,"na",2021-08-17 07:16:00,NA,NA,NA,NA,43.8648116666667,58.8954133333333,85,"Hyp","Hyperoodon ampullatus","northern bottlenose whale",0.0800000000000001,2021-08-17,20.5,1.03333333333333,10,5
"86",2021-08-17 07:26:00,47,"43d51.857N 58d54.0307W",5,5,5,500,0,"P",NA,"northern bottlenose","C1:  6299- 6480  C2:4222-4342","d  d",1,NA,"two of the individuals came into group during encounter, including a male",2021-08-17 08:25:00,NA,NA,NA,NA,43.8642833333333,58.9005116666667,86,"Hyp","Hyperoodon ampullatus","northern bottlenose whale",0.0800000000000001,2021-08-17,20.5,1.43333333333333,10,5
"87",2021-08-17 08:25:00,49,"43d51.3286N 58d53.5506W",3,3,3,500,40,"P","Mill","northern bottlenose","C1: 6481-6522    C2:4343-4353","d  d",1,NA,"na",2021-08-17 08:46:00,NA,NA,NA,NA,43.8554766666667,58.89251,87,"Hyp","Hyperoodon ampullatus","northern bottlenose whale",0.0800000000000001,2021-08-17,20.5,1.38333333333333,7,5
"88",2021-08-17 08:52:00,49,"43d51.2014N 58d53.7485W",4,4,4,400,90,"P",NA,"northern bottlenose","C1:  6523-6668   C2: 4355 - 4498","43d51.1237N 58d54.2946W",1,NA,"na",2021-08-17 09:20:00,NA,NA,NA,NA,43.8533566666667,58.8958083333333,88,"Hyp","Hyperoodon ampullatus","northern bottlenose whale",0.0800000000000001,2021-08-17,20.5,56,7,5
"89",2021-08-17 09:21:00,50,"43d51.1768N 58d54.3694W",2,2,2,400,10,"P","Trav Mill","northern bottlenose","C1:  6669-6711   C2:4501-4503","d  d",1,NA,"na",2021-08-17 09:37:00,NA,NA,NA,NA,43.8529466666667,58.9061566666667,89,"Hyp","Hyperoodon ampullatus","northern bottlenose whale",0.0800000000000001,2021-08-17,20.5,27,7,5
"90",2021-08-17 10:11:00,53,"43d51.0622N 58d54.4963W",1,3,3,300,20,"S",NA,"sourbee's","C1:     C2:","d  d",1,NA,"na",2021-08-17 10:12:00,NA,NA,NA,NA,43.8510366666667,58.9082716666667,90,"Hyp","Hyperoodon ampullatus","northern bottlenose whale",0.42,2021-08-17,20.5,23,7,5
"91",2021-08-17 10:09:00,52,"43d50.9809N 58d54.6326W",4,6,6,600,5,"S","Mill","northern bottlenose","C1: 6713 - 6841    C2:4506 - 4622","43d50.6996N 58d54.5883W",1,NA,"tailslaps, breaches, drone deployed",2021-08-17 10:38:00,NA,NA,NA,NA,43.8496816666667,58.9105433333333,91,"Hyp","Hyperoodon ampullatus","northern bottlenose whale",0.0800000000000001,2021-08-17,20.5,21,7,5
"92",2021-08-17 12:08:00,56,"43d50.7735N 58d54.2344W",5,5,5,400,20,"P","Rest Brea Mill","northern bottlenose","C1:  6949-7033   C2:4808-4986","43d50.6617N 58d54.7458W",1,NA,"drone up",2021-08-17 12:45:00,NA,NA,NA,NA,43.846225,58.9039066666667,92,"Hyp","Hyperoodon ampullatus","northern bottlenose whale",0.0800000000000001,2021-08-17,20.5,3,5,5
"93",2021-08-17 13:14:00,55,"43d50.7495N 58d54.8898W",2,2,2,400,90,"P",NA,"sowerby's","C1:    C2:","43d50.7168N 58d54.9875W",1,NA,"no pictures",2021-08-17 13:18:00,NA,NA,NA,NA,43.845825,58.91483,93,"Meso","Mesoplodon bidens","sowerby’s beaked whale",0.249158249158249,2021-08-17,20.5,1.15,5,5
"94",2021-08-17 13:34:00,56,"43d51.6555N 58d54.3849W",3,3,3,500,5,"P",NA,"northern bottlenose","C1:     C2:","d  d",1,NA,"na",2021-08-17 13:46:00,NA,NA,NA,NA,43.860925,58.906415,94,"Hyp","Hyperoodon ampullatus","northern bottlenose whale",0.0800000000000001,2021-08-17,20.5,1.41666666666667,8,5
"95",2021-08-17 14:01:00,57,"43d52.9095N 58d54.7132W",2,2,2,450,15,"P","Trav","northern bottlenose","C1:  7039 - 7086   C2: 4988 - 5017","43d52.9879N 58d54.901W",1,NA,"na",2021-08-17 14:28:00,NA,NA,NA,NA,43.881825,58.9118866666667,95,"Hyp","Hyperoodon ampullatus","northern bottlenose whale",0.0800000000000001,2021-08-17,20.5,58,8,5
"96",2021-08-17 14:23:00,58,"43d52.9908N 58d54.9017W",5,5,6,100,100,"S",NA,"pilot whale","C1:     C2:","43d52.9739N 58d54.8841W",1,NA,"na",2021-08-17 14:28:00,NA,NA,NA,NA,43.88318,58.9150283333333,96,"Glob","Globicephala melas","pilot whale",0,2021-08-17,20.5,36,8,5
"97",2021-08-17 13:44:00,57,"43d51.969N 58d54.1799W",1,1,1,2000,30,"P","Trav","blue whale","C1:     C2:","43d53.7499N 58d55.9523W",1,NA,"na",2021-08-17 14:30:00,NA,NA,NA,NA,43.86615,58.9029983333333,97,"Balt","Balaenoptera musculus","blue whale",0,2021-08-17,20.5,1.25,8,5
"98",2021-08-17 15:11:00,58,"43d52.5012N 58d55.6895W",1,1,1,1000,45,"P","Brea","northern bottlenose","C1:     C2:","43d51.4757N 58d55.6632W",1,NA,"no photos",2021-08-17 15:20:00,NA,NA,NA,NA,43.87502,58.9281583333333,98,"Hyp","Hyperoodon ampullatus","northern bottlenose whale",0.0800000000000001,2021-08-17,20.5,12,8,5
"99",2021-08-17 15:30:00,59,"43d51.444N 58d55.7239W",4,5,5,350,20,"S",NA,"northern bottlenose","C1: 7089 - 7178     C2: 5019 - 5064","43d51.6857N 58d56.042W",1,NA,"two small whales unclear if both are calves, big breaches unknown Sp. in distance",2021-08-17 15:52:00,NA,NA,NA,NA,43.8574,58.9287316666667,99,"Hyp","Hyperoodon ampullatus","northern bottlenose whale",0.0800000000000001,2021-08-17,20.5,31,8,5
"100",2021-08-17 16:18:00,60,"43d51.2953N 58d54.5321W",1,7,9,70,180,"P","Trav Social Mill","northern bottlenose","C1:7181-7306    C2:5066-5254","43d50.152N 58d54.5382W",1,NA,"na",2021-08-17 17:03:00,NA,NA,NA,NA,43.8549216666667,58.9088683333333,100,"Hyp","Hyperoodon ampullatus","northern bottlenose whale",0.0800000000000001,2021-08-17,20.5,1.31666666666667,8,5
"101",2021-08-17 18:08:00,62,"43d50.8906N 58d54.9567W",3,3,4,5,60,"P",NA,"pilot whale","C1:     C2:","43d50.8903N 58d54.9564W",1,NA,"na",2021-08-17 18:09:00,NA,NA,NA,NA,43.8481766666667,58.915945,101,"Glob","Globicephala melas","pilot whale",0,2021-08-17,20.5,7,9,5
"102",2021-08-17 18:36:00,63,"43d50.4474N 58d54.3295W",5,10,15,150,90,"P","Rest Mill","pilot whale","C1:     C2:","43d49.7522N 58d54.0238W",1,NA,"simultaneous w/ bottlenose encounter, some interspecies interactions (chasing/following NBW)",2021-08-17 19:03:00,NA,NA,NA,NA,43.84079,58.9054916666667,102,"Glob","Globicephala melas","pilot whale",0,2021-08-17,20.5,35,9,5
"103",2021-08-17 17:44:00,61,"43d51.2434N 58d55.0734W",6,7,8,400,5,"P","Trav Mill","northern bottlenose","C1: 7307 - 7430    C2: 5276 - 5633","43d49.7556N 58d54.0259W",1,NA,"tailslap, two males came in secondarily (approx. 18:25), followed by group splitting  into 2 (approx. 18:28), reforming subsequently, chased by pilot whales ?",2021-08-17 19:05:00,NA,NA,NA,NA,43.8540566666667,58.91789,103,"Hyp","Hyperoodon ampullatus","northern bottlenose whale",0.0800000000000001,2021-08-17,20.5,17,9,5
"104",2021-08-18 05:54:00,63,"43d53.9724N 58d57.3697W",1,1,1,150,20,"S",NA,"fin whale","C1:     C2:","43d53.974N 58d57.3711W",1,NA,"na",2021-08-18 05:56:00,NA,NA,NA,NA,43.89954,58.9561616666667,104,"Balt","Balaenoptera physalus","fin whale",0,2021-08-18,NA,40,8,4
"105",2021-08-18 06:10:00,65,"43d54.1323N 58d57.3188W",3,4,5,100,120,"P","Trav","pilot whale","C1:     C2:","d  d",1,NA,"na",2021-08-18 06:15:00,NA,NA,NA,NA,43.902205,58.9553133333333,105,"Glob","Globicephala melas","pilot whale",0,2021-08-18,NA,24,8,4
"106",2021-08-18 06:02:00,64,"43d54.0839N 58d57.4683W",2,2,3,200,45,"S","Trav","northern bottlenose","C1:     C2:","d  d",1,NA,"na",2021-08-18 06:10:00,NA,NA,NA,NA,43.9013983333333,58.957805,106,"Hyp","Hyperoodon ampullatus","northern bottlenose whale",0.0800000000000001,2021-08-18,NA,32,8,4
"107",2021-08-18 06:18:00,65,"43d54.0175N 58d57.2667W",2,4,5,400,120,"P","Trav Rest Brea","northern bottlenose","C1:     C2:5665-5730","d  d",1,NA,"na",2021-08-18 06:56:00,NA,NA,NA,NA,43.9002916666667,58.954445,107,"Hyp","Hyperoodon ampullatus","northern bottlenose whale",0.0800000000000001,2021-08-18,NA,16,8,4
"108",2021-08-18 07:07:00,66,"43d52.9002N 58d55.7241W",1,1,1,400,180,"P","Rest","fin whale","C1:     C2:","d  d",1,NA,"could be sei",2021-08-18 07:14:00,NA,NA,NA,NA,43.88167,58.928735,108,"Balt","Balaenoptera physalus","fin whale",0,2021-08-18,NA,33,8,4
"109",2021-08-18 08:02:00,67,"43d51.6903N 58d54.3242W",9,10,10,650,10,"S","Rest Social","northern bottlenose","C1:   7433 - 7607  C2: 5733 - 5819","43d51.3197N 58d53.7747W",1,NA,"na",2021-08-18 08:29:00,NA,NA,NA,NA,43.861505,58.9054033333333,109,"Hyp","Hyperoodon ampullatus","northern bottlenose whale",0.0800000000000001,2021-08-18,NA,55,9.6,5
"110",2021-08-18 11:46:00,76,"43d50.4397N 58d54.5399W",1,1,1,500,40,"S","Brea","northern bottlenose","C1:     C2:","43d50.1521N 58d54.8037W",1,NA,"no pictures",2021-08-18 11:40:00,NA,NA,NA,NA,43.8406616666667,58.9089983333333,110,"Hyp","Hyperoodon ampullatus","northern bottlenose whale",0.0800000000000001,2021-08-18,NA,11,12.4,5
"111",2021-08-18 13:14:00,77,"43d50.387N 58d54.7224W",1,1,1,1500,35,"S",NA,"risso's","C1: 7698 - 7763    C2: 5961 - 5976","43d52.3543N 58d53.2659W",1,NA,"na",2021-08-18 13:30:00,NA,NA,NA,NA,43.8397833333333,58.91204,111,"Gram","Grampus griseus","risso’s dolphin",0.247619047619048,2021-08-18,NA,1.28333333333333,12.4,5
"112",2021-08-18 15:30:00,78,"43d52.8108N 58d56.8563W",2,3,3,50,45,"S",NA,"pilot whale","C1:     C2:","43d52.7648N 58d56.851W",1,NA,"na",2021-08-18 15:31:00,NA,NA,NA,NA,43.88018,58.947605,112,"Glob","Globicephala melas","pilot whale",0,2021-08-18,NA,26,12,5
"113",2021-08-18 17:59:00,80,"43d52.5938N 58d54.9018W",3,3,3,200,150,"P",NA,"northern bottlenose","C1:     C2:","43d52.7747N 58d55.0498W",1,NA,"na",2021-08-18 18:03:00,NA,NA,NA,NA,43.8765633333333,58.91503,113,"Hyp","Hyperoodon ampullatus","northern bottlenose whale",0.0800000000000001,2021-08-18,NA,5,13,5
"114",2021-08-18 18:28:00,81,"43d52.7647N 58d54.7553W",3,3,4,200,120,"P",NA,"northern bottlenose","C1:     C2: 5978 - 5994","43d53.1302N 58d55.086W",1,NA,"na",2021-08-18 18:36:00,NA,NA,NA,NA,43.8794116666667,58.9125883333333,114,"Hyp","Hyperoodon ampullatus","northern bottlenose whale",0.0800000000000001,2021-08-18,NA,24,13,5
"115",2021-08-18 18:37:00,82,"43d53.2545N 58d55.1488W",3,3,4,500,40,"P",NA,"northern bottlenose","C1:     C2:","43d53.674N 58d55.8261W",1,NA,"no photos, not clear if this is different than previous encounter",2021-08-18 18:45:00,NA,NA,NA,NA,43.887575,58.9191466666667,115,"Hyp","Hyperoodon ampullatus","northern bottlenose whale",0.0800000000000001,2021-08-18,NA,33,13,5
"116",2021-08-19 07:27:00,84,"43d51.2233N 58d53.2654W",1,1,1,300,170,"P",NA,"sowerby's","C1:     C2:","43d51.5604N 58d53.486W",1,NA,"no photos",2021-08-19 07:35:00,NA,NA,NA,NA,43.8537216666667,58.8877566666667,116,"Meso","Mesoplodon bidens","sowerby’s beaked whale",0.249158249158249,2021-08-19,20.8,1.41666666666667,14,4
"117",2021-08-19 07:45:00,85,"43d51.4956N 58d53.4723W",4,4,4,400,45,"P",NA,"northern bottlenose","C1:     C2: 5997 - 6047","43d50.7609N 58d52.9643W",1,NA,"fissure into two groups of two",2021-08-19 08:12:00,NA,NA,NA,NA,43.85826,58.891205,117,"Hyp","Hyperoodon ampullatus","northern bottlenose whale",0.0800000000000001,2021-08-19,20.8,1.26666666666667,12.9,1
"118",2021-08-19 08:26:00,86,"43d50.6708N 58d53.1085W",2,2,2,350,40,"P","Mill","northern bottlenose","C1:     C2: 6048 - 6064","43d50.5652N 58d53.2931W",1,NA,"mast photos taken",2021-08-19 08:34:00,NA,NA,NA,NA,43.8445133333333,58.8851416666667,118,"Hyp","Hyperoodon ampullatus","northern bottlenose whale",0.0800000000000001,2021-08-19,20.8,35,12.9,1
"119",2021-08-19 09:30:00,87,"43d51.5576N 58d54.6W",4,4,4,400,120,"P",NA,"northern bottlenose","C1:     C2: 6065 - 6123","43d51.506N 58d54.093W",1,NA,"photos also taken from mast",2021-08-19 09:40:00,NA,NA,NA,NA,43.8592933333333,58.91,119,"Hyp","Hyperoodon ampullatus","northern bottlenose whale",0.0800000000000001,2021-08-19,20.8,29,12.9,1
"120",2021-08-19 09:55:00,88,"43d51.4045N 58d54.0544W",4,4,4,350,15,"S",NA,"northern bottlenose","C1:     C2: 6124","43d51.0408N 58d53.798W",1,NA,"initially couple groups fairly spread out",2021-08-19 10:00:00,NA,NA,NA,NA,43.8567416666667,58.9009066666667,120,"Hyp","Hyperoodon ampullatus","northern bottlenose whale",0.0800000000000001,2021-08-19,20.8,54,12.9,1
"121",2021-08-19 10:39:00,89,"43d50.635N 58d54.4459W",1,1,1,500,45,"S",NA,"northern bottlenose","C1: 7916 - 7991     C2: 6125- 6160","43d51.0511N 58d53.3976W",1,NA,"na",2021-08-19 11:01:00,NA,NA,NA,NA,43.8439166666667,58.9074316666667,121,"Hyp","Hyperoodon ampullatus","northern bottlenose whale",0.0800000000000001,2021-08-19,20.8,1.38333333333333,10,5
"122",2021-08-19 11:05:00,90,"43d51.1316N 58d53.504W",2,2,2,400,25,"P","Rest","northern bottlenose","C1:     C2:","43d50.8747N 58d54.104W",1,NA,"No photos",2021-08-19 11:15:00,NA,NA,NA,NA,43.8521933333333,58.8917333333333,122,"Hyp","Hyperoodon ampullatus","northern bottlenose whale",0.0800000000000001,2021-08-19,20.8,57,10,5
"123",2021-08-19 11:33:00,92,"43d50.2972N 58d53.3685W",6,7,9,100,45,"S",NA,"pilot whale","C1:     C2:","43d50.2917N 58d53.6631W",1,NA,"very close to bottlenose",2021-08-19 11:58:00,NA,NA,NA,NA,43.8382866666667,58.889475,123,"Glob","Globicephala melas","pilot whale",0,2021-08-19,20.8,29,10,5
"124",2021-08-19 11:25:00,91,"43d50.824N 58d54.0626W",6,6,7,500,60,"P",NA,"northern bottlenose","C1: 7993 - 8109     C2: 6162 - 6300","43d50.2623N 58d53.4279W",1,NA,"6 or more pilot whales very close, remaining with bottlenose (11:25), two more bottlenose joining (11:25), drone up 11:51, drone down 12:04",2021-08-19 12:00:00,NA,NA,NA,NA,43.8470666666667,58.9010433333333,124,"Hyp","Hyperoodon ampullatus","northern bottlenose whale",0.0800000000000001,2021-08-19,20.8,37,10,5
"125",2021-08-19 12:10:00,93,"43d50.5624N 58d53.8425W",3,3,3,30,40,"S","Trav Mill","northern bottlenose","C1:     C2:","d  d",1,NA,"some of same individuals from last group of 6",2021-08-19 12:20:00,NA,NA,NA,NA,43.8427066666667,58.897375,125,"Hyp","Hyperoodon ampullatus","northern bottlenose whale",0.0800000000000001,2021-08-19,20.8,8,10,5
"126",2021-08-19 12:50:00,94,"43d50.2165N 58d53.5494W",1,1,1,300,180,"S",NA,"northern bottlenose","C1:     C2:","43d50.1628N 58d53.6798W",1,NA,"na",2021-08-19 12:50:00,NA,NA,NA,NA,43.8369416666667,58.89249,126,"Hyp","Hyperoodon ampullatus","northern bottlenose whale",0.0800000000000001,2021-08-19,20.8,48,10,5
"127",2021-08-19 13:25:00,96,"d  d",2,2,2,50,30,"P",NA,"sowerby's","C1:     C2:","d  d",1,NA,"na",2021-08-19 13:27:00,NA,NA,NA,NA,NA,NA,127,"Meso","Mesoplodon bidens","sowerby’s beaked whale",0.249158249158249,2021-08-19,20.8,1.38333333333333,10,5
"128",2021-08-19 13:01:00,95,"43d50.1341N 58d53.6741W",6,6,6,300,30,"P",NA,"northern bottlenose","C1: 8112-8214    C2:6301-6434","d  d",1,NA,"moving fast, first 6 then only 5",2021-08-19 13:20:00,NA,NA,NA,NA,43.8355683333333,58.8945683333333,128,"Hyp","Hyperoodon ampullatus","northern bottlenose whale",0.0800000000000001,2021-08-19,20.8,59,10,5
"129",2021-08-19 13:33:00,97,"43d49.9489N 58d53.7255W",8,8,8,50,45,"P","Trav Brea Mill","sowerby's","C1:.8215-8274     C2: 6448","d  d",1,NA,"with NBW, breaching all at a time",2021-08-19 13:51:00,NA,NA,NA,NA,43.8324816666667,58.895425,129,"Meso","Mesoplodon bidens","sowerby’s beaked whale",0.249158249158249,2021-08-19,20.8,1.43333333333333,7,4
"130",2021-08-19 13:32:00,96,"43d49.9181N 58d53.6758W",4,4,4,400,20,"P",NA,"northern bottlenose","C1: 8275-8307   C2:6435-6447;6498-6543","43d49.9312N 58d53.484W",1,NA,"with Sowerby' s, first saw 4 then 2",2021-08-19 13:50:00,NA,NA,NA,NA,43.8319683333333,58.8945966666667,130,"Hyp","Hyperoodon ampullatus","northern bottlenose whale",0.0800000000000001,2021-08-19,20.8,1.45,7,4
"131",2021-08-19 14:42:00,97,"43d50.207N 58d53.5323W",2,2,2,300,90,"P",NA,"northern bottlenose","C1:     C2:6545-6571","d  d",1,NA,"na",2021-08-19 14:59:00,NA,NA,NA,NA,43.8367833333333,58.892205,131,"Hyp","Hyperoodon ampullatus","northern bottlenose whale",0.0800000000000001,2021-08-19,20.8,17,7,4
"132",2021-08-19 15:16:00,98,"43d51.1579N 58d54.2837W",3,3,3,300,20,"P",NA,"northern bottlenose","C1:    C2:6593-6578","d  d",1,NA,"didnt get them",2021-08-19 15:35:00,NA,NA,NA,NA,43.8526316666667,58.9047283333333,132,"Hyp","Hyperoodon ampullatus","northern bottlenose whale",0.0800000000000001,2021-08-19,20.8,17,7,4
"133",2021-08-19 15:36:00,99,"43d51.3017N 58d54.5129W",4,4,4,400,30,"S",NA,"northern bottlenose","C1:     C2:","43d51.109N 58d54.7969W",1,NA,"na",2021-08-19 15:45:00,NA,NA,NA,NA,43.8550283333333,58.9085483333333,133,"Hyp","Hyperoodon ampullatus","northern bottlenose whale",0.0800000000000001,2021-08-19,20.8,37,7,4
"134",2021-08-19 15:50:00,100,"43d50.9361N 58d54.824W",2,2,2,400,45,"S",NA,"northern bottlenose","C1:     C2:","d  d",1,NA,"na",2021-08-19 15:50:00,NA,NA,NA,NA,43.848935,58.9137333333333,134,"Hyp","Hyperoodon ampullatus","northern bottlenose whale",0.0800000000000001,2021-08-19,20.8,51,7,4
"135",2021-08-19 15:59:00,101,"43d50.6751N 58d54.8104W",3,3,3,400,30,"S","Trav","northern bottlenose","C1:     C2:","43d49.7993N 58d55.2598W",1,NA,"no photos",2021-08-19 16:01:00,NA,NA,NA,NA,43.844585,58.9135066666667,135,"Hyp","Hyperoodon ampullatus","northern bottlenose whale",0.0800000000000001,2021-08-19,20.8,1,7,4
"136",2021-08-19 16:34:00,103,"43d49.0994N 58d54.9719W",1,1,1,60,50,"S","Trav","pilot whale","C1:     C2:","d  d",1,NA,"na",2021-08-19 16:35:00,NA,NA,NA,NA,43.8183233333333,58.9161983333333,136,"Glob","Globicephala melas","pilot whale",0,2021-08-19,20.8,1.43333333333333,19,0.7
"137",2021-08-19 16:25:00,102,"43d49.7499N 58d55.2428W",3,3,3,300,20,"P",NA,"northern bottlenose","C1:     C2:","d  d",1,NA,"na",2021-08-19 16:30:00,NA,NA,NA,NA,43.829165,58.9207133333333,137,"Hyp","Hyperoodon ampullatus","northern bottlenose whale",0.0800000000000001,2021-08-19,20.8,1.43333333333333,7,4
"138",2021-08-19 17:43:00,103,"43d50.7405N 58d55.1989W",1,1,1,600,160,"S","Brea","sowerby's","C1:     C2:","43d50.7557N 58d55.2024W",1,NA,"na",2021-08-19 17:44:00,NA,NA,NA,NA,43.845675,58.9199816666667,138,"Meso","Mesoplodon bidens","sowerby’s beaked whale",0.249158249158249,2021-08-19,20.8,17,19,0.7
"139",2021-08-19 18:25:00,104,"43d51.483N 58d55.7024W",2,2,2,20,180,"P","Trav","pilot whale","C1:     C2:","43d51.499N 58d55.7206W",1,NA,"na",2021-08-19 18:40:00,NA,NA,NA,NA,43.85805,58.9283733333333,139,"Glob","Globicephala melas","pilot whale",0,2021-08-19,20.8,25,19,0.7
"140",2021-08-19 19:30:00,105,"43d52.4991N 58d56.6674W",1,1,1,25,45,"S","Trav","risso's dolphin","C1:     C2:","d  d",1,NA,"na",2021-08-19 19:31:00,NA,NA,NA,NA,43.874985,58.9444566666667,140,"Gram","Grampus griseus","risso’s dolphin",0.0444444444444445,2021-08-19,20.8,1.5,19,0.7
"141",2021-08-20 10:37:00,107,"43d52.7177N 58d55.5095W",1,2,2,375,35,"S","Trav","northern bottlenose","C1:     C2:","d  d",1,NA,"na",2021-08-20 10:45:00,NA,NA,NA,NA,43.8786283333333,58.9251583333333,141,"Hyp","Hyperoodon ampullatus","northern bottlenose whale",0.0800000000000001,2021-08-20,20.9,1.4,15,3
"142",2021-08-20 11:10:00,108,"43d51.9995N 58d54.3983W",2,2,3,400,20,"P","Trav","northern bottlenose","C1:     C2:","d  d",1,NA,"possibly a calf",2021-08-20 11:15:00,NA,NA,NA,NA,43.8666583333333,58.9066383333333,142,"Hyp","Hyperoodon ampullatus","northern bottlenose whale",0.0800000000000001,2021-08-20,20.9,51,15,3
"143",2021-08-20 12:40:00,109,"43d49.5626N 58d53.1418W",6,6,6,200,165,"S","Trav Rest Brea","northern bottlenose","C1: 8308 - 8372    C2:6596 - 6627","43d49.6301N 58d51.727W",1,NA,"traveling quite quickly, possibly towards additional group .approx. 500m in distance, some joined forming group of 6",2021-08-20 13:16:00,NA,NA,NA,NA,43.8260433333333,58.8856966666667,143,"Hyp","Hyperoodon ampullatus","northern bottlenose whale",0.0800000000000001,2021-08-20,20.9,39,15,3
"144",2021-08-20 14:20:00,110,"43d51.0336N 58d53.9331W",3,3,3,50,60,"P","Trav Social Bow","risso's dolphin","C1:     C2:","43d51.1443N 58d54.1387W",1,NA,"na",2021-08-20 14:23:00,NA,NA,NA,NA,43.85056,58.898885,144,"Gram","Grampus griseus","risso’s dolphin",0.0444444444444445,2021-08-20,20.9,43,15.5,0.1
"145",2021-08-20 15:38:00,112,"43d51.8745N 58d56.8069W",1,1,1,20,90,"P",NA,"atlantic white side","C1:     C2:","43d51.8764N 58d56.8479W",1,NA,"na",2021-08-20 15:42:00,NA,NA,NA,NA,43.864575,58.9467816666667,145,"Lag","Lagenorhynchus acutus","atlantic white-sided dolphin",0.151002506265664,2021-08-20,20.9,35,15.5,0.1
"146",2021-08-20 15:36:00,111,"43d51.8597N 58d56.7474W",5,5,5,70,30,"P","Rest Mill","northern bottlenose","C1:  8374-8430   C2:6630 - 6676","43d51.5491N 58d57.1505W",1,NA,"na",2021-08-20 16:06:00,NA,NA,NA,NA,43.8643283333333,58.94579,146,"Hyp","Hyperoodon ampullatus","northern bottlenose whale",0.0800000000000001,2021-08-20,20.9,33,15.5,0.1
"147",2021-08-20 16:35:00,113,"43d50.7251N 58d54.9699W",1,1,2,50,160,"S",NA,"risso's","C1:     C2:","d  d",1,NA,"na",2021-08-20 16:45:00,NA,NA,NA,NA,43.8454183333333,58.916165,147,"Gram","Grampus griseus","risso’s dolphin",0.247619047619048,2021-08-20,20.9,1.53333333333333,15.5,0.1
"148",2021-08-21 06:10:00,116,"44d6.5113N 57d59.6614W",4,4,6,10,150,"P","Bow","common dolphin","C1:     C2:","d  d",1,NA,"na",2021-08-21 06:18:00,NA,NA,NA,NA,44.1085216666667,57.9943566666667,148,"Del","Delphinus delphis","common dolphin",0,2021-08-21,19.7,5,10.5,0.1
"149",2021-08-21 07:08:00,117,"44d10.1475N 57d56.1645W",20,25,30,20,20,"S","Trav Bow","atlantic white side","C1:     C2:","d  d",1,NA,"na",2021-08-21 07:09:00,NA,NA,NA,NA,44.169125,57.936075,149,"Lag","Lagenorhynchus acutus","atlantic white-sided dolphin",0.151002506265664,2021-08-21,19.7,1.05,10.5,0.1
"150",2021-08-21 13:19:00,119,"44d5.6221N 58d13.4124W",10,15,30,50,5,"S",NA,"atlantic white side","C1:     C2:","d  d",1,NA,"na",2021-08-21 13:21:00,NA,NA,NA,NA,44.0937016666667,58.22354,150,"Lag","Lagenorhynchus acutus","atlantic white-sided dolphin",0.151002506265664,2021-08-21,19.7,1.33333333333333,21.6,1.5
"151",2021-08-21 17:23:00,120,"43d59.8287N 58d24.0594W",20,25,30,50,90,"S","Trav","atlantic white side","C1:     C2:","d  d",1,NA,"na",2021-08-21 17:24:00,NA,NA,NA,NA,43.997145,58.40099,151,"Lag","Lagenorhynchus acutus","atlantic white-sided dolphin",0.151002506265664,2021-08-21,19.7,40,15,5
"152",2021-08-21 17:26:00,121,"43d59.7317N 58d24.3573W",10,15,20,200,120,"S","Trav","atlantic white side","C1:     C2:","d  d",1,NA,"na",2021-08-21 17:27:00,NA,NA,NA,NA,43.9955283333333,58.405955,152,"Lag","Lagenorhynchus acutus","atlantic white-sided dolphin",0.151002506265664,2021-08-21,19.7,37,15,5
"153",2021-08-22 07:10:00,122,"43d51.5713N 58d54.0757W",10,15,20,10,45,"P","Trav Mill","common dolphin","C1:     C2:","d  d",1,NA,"na",2021-08-22 07:16:00,NA,NA,NA,NA,43.8595216666667,58.9012616666667,153,"Del","Delphinus delphis","common dolphin",0,2021-08-22,20.2,1.11666666666667,6.5,2.5
"154",2021-08-22 07:25:00,124,"43d51.8297N 58d54.6006W",3,3,3,150,20,"P","Trav","sowerby's","C1:     C2:","43d51.8405N 58d54.5902W",1,NA,"na",2021-08-22 07:29:00,NA,NA,NA,NA,43.8638283333333,58.91001,154,"Meso","Mesoplodon bidens","sowerby’s beaked whale",0.249158249158249,2021-08-22,20.2,1.36666666666667,6.5,2.5
"155",2021-08-22 07:30:00,127,"43d51.7223N 58d54.7539W",3,4,4,50,10,"P","Trav","pilot whale","C1:     C2:","d  d",1,NA,"na",2021-08-22 07:35:00,NA,NA,NA,NA,43.8620383333333,58.912565,155,"Glob","Globicephala melas","pilot whale",0,2021-08-22,20.2,1.45,6.5,2.5
"156",2021-08-22 07:18:00,123,"43d51.6453N 58d54.4645W",2,3,3,60,130,"S","Trav Rest","northern bottlenose","C1:     C2:","43d51.769N 58d54.7202W",1,NA,"tail slapping",2021-08-22 07:51:00,NA,NA,NA,NA,43.860755,58.9077416666667,156,"Hyp","Hyperoodon ampullatus","northern bottlenose whale",0.0800000000000001,2021-08-22,20.2,1.25,6.5,2.5
"157",2021-08-22 07:51:00,124,"43d51.7625N 58d54.695W",3,3,3,120,30,"S",NA,"northern bottlenose","C1:     C2:","d  d",1,NA,"end to restart tablet",2021-08-22 08:13:00,NA,NA,NA,NA,43.8627083333333,58.9115833333333,157,"Hyp","Hyperoodon ampullatus","northern bottlenose whale",0.0800000000000001,2021-08-22,20.2,1.25,8.8,5
"158",2021-08-22 08:17:00,125,"43d51.8418N 58d55.1814W",1,1,1,1000,20,"P","Brea","sowerby's","C1:     C2:","d  d",1,NA,"na",2021-08-22 08:19:00,NA,NA,NA,NA,43.86403,58.91969,158,"Meso","Mesoplodon bidens","sowerby’s beaked whale",0.249158249158249,2021-08-22,20.2,49,8.8,5
"159",2021-08-22 08:25:00,126,"43d51.8745N 58d55.9599W",4,4,4,125,90,"S","Trav","northern bottlenose","C1:     C2:","d  d",1,NA,"continued from previous NBW nc",2021-08-22 08:30:00,NA,NA,NA,NA,43.864575,58.932665,159,"Hyp","Hyperoodon ampullatus","northern bottlenose whale",0.0800000000000001,2021-08-22,20.2,41,8.8,5
"160",2021-08-22 09:33:00,128,"43d51.9382N 58d55.3301W",4,4,4,215,40,"P","Trav Rest Brea","northern bottlenose","C1: 8509 -  8689    C2:6706-6758","43d51.9836N 58d54.473W",1,NA,"one breacher, c1 was mast photos",2021-08-22 09:45:00,NA,NA,NA,NA,43.8656366666667,58.9221683333333,160,"Hyp","Hyperoodon ampullatus","northern bottlenose whale",0.0800000000000001,2021-08-22,20.2,27,8.8,5
"161",2021-08-22 10:02:00,129,"43d51.5188N 58d54.1722W",2,3,3,300,70,"S",NA,"pilot whale","C1:     C2:","43d51.4431N 58d54.3321W",1,NA,"na",2021-08-22 10:05:00,NA,NA,NA,NA,43.8586466666667,58.90287,161,"Glob","Globicephala melas","pilot whale",0,2021-08-22,20.2,56,8.8,5
"162",2021-08-22 10:04:00,130,"43d51.396N 58d54.2151W",2,2,2,250,90,"S",NA,"northern bottlenose","C1:     C2:","43d51.2982N 58d53.7795W",1,NA,"na",2021-08-22 10:12:00,NA,NA,NA,NA,43.8566,58.903585,162,"Hyp","Hyperoodon ampullatus","northern bottlenose whale",0.0800000000000001,2021-08-22,20.2,58,8.8,5
"163",2021-08-22 09:55:00,129,"43d52.0593N 58d54.4862W",8,8,8,1000,60,"S","Brea","northern bottlenose","C1:     C2: 0-137 (will be some on previous card too)","43d51.3986N 58d53.7047W",1,NA,"at least one male, started with 3 individuals but just one by time we arrived? big scratch/scar, NOTE some c2 photos may be overexposed, NOTE c2 full during encounter so switched cards ( new card started at 0?)",2021-08-22 10:36:00,NA,NA,NA,NA,43.867655,58.9081033333333,163,"Hyp","Hyperoodon ampullatus","northern bottlenose whale",0.0800000000000001,2021-08-22,20.2,49,8.8,5
"164",2021-08-22 10:45:00,133,"43d51.5286N 58d53.8854W",4,5,5,800,30,"P",NA,"northern bottlenose","C1:     C2: 138 - 273, c1: 8920 - 9166","43d51.8538N 58d54.1263W",1,NA,"c1 is photos from mast, tailslap",2021-08-22 11:10:00,NA,NA,NA,NA,43.85881,58.89809,164,"Hyp","Hyperoodon ampullatus","northern bottlenose whale",0.0800000000000001,2021-08-22,20.2,1.23333333333333,8,5
"165",2021-08-22 11:21:00,135,"43d51.9476N 58d54.328W",2,2,2,300,45,"S",NA,"sowerby's","C1:     C2:","43d52.0142N 58d54.3717W",1,NA,"no photos",2021-08-22 11:23:00,NA,NA,NA,NA,43.8657933333333,58.9054666666667,165,"Meso","Mesoplodon bidens","sowerby’s beaked whale",0.249158249158249,2021-08-22,20.2,38,8,5
"166",2021-08-22 11:20:00,134,"43d51.8971N 58d54.2425W",1,1,1,600,45,"S","Trav","northern bottlenose","C1:     C2:","43d52.4299N 58d54.5699W",1,NA,"no photos",2021-08-22 11:30:00,NA,NA,NA,NA,43.8649516666667,58.9040416666667,166,"Hyp","Hyperoodon ampullatus","northern bottlenose whale",0.0800000000000001,2021-08-22,20.2,39,8,5
"167",2021-08-22 12:11:00,135,"43d52.5639N 58d54.9123W",4,5,5,300,120,"S","Trav Brea Mill","northern bottlenose","C1:9167 -9269     C2:275-302","d  d",1,NA,"na",2021-08-22 12:27:00,NA,NA,NA,NA,43.876065,58.915205,167,"Hyp","Hyperoodon ampullatus","northern bottlenose whale",0.0800000000000001,2021-08-22,20.2,12,8,5
"168",2021-08-22 13:57:00,140,"43d51.7421N 58d54.4223W",1,1,1,400,80,"S","Trav","sowerby's","C1:     C2:","d  d",1,NA,"na",2021-08-22 14:02:00,NA,NA,NA,NA,43.8623683333333,58.9070383333333,168,"Meso","Mesoplodon bidens","sowerby’s beaked whale",0.249158249158249,2021-08-22,20.2,1.1,8,3
"169",2021-08-22 14:26:00,141,"43d51.2837N 58d53.8867W",2,3,3,400,40,"S","Trav Mill","northern bottlenose","C1 (mast photos):   9868-9974  C2:0542-0592","d  d",1,NA,"na",2021-08-22 14:38:00,NA,NA,NA,NA,43.8547283333333,58.8981116666667,169,"Hyp","Hyperoodon ampullatus","northern bottlenose whale",0.0800000000000001,2021-08-22,20.2,37,8,3
"170",2021-08-22 14:49:00,144,"43d51.4313N 58d54.0182W",4,4,4,150,45,"S","Trav","sowerby's","C1:  9977-9992   C2: 594-620","d  d",1,NA,"na",2021-08-22 14:53:00,NA,NA,NA,NA,43.8571883333333,58.9003033333333,170,"Meso","Mesoplodon bidens","sowerby’s beaked whale",0.249158249158249,2021-08-22,20.2,14,8,3
"171",2021-08-22 14:50:00,145,"43d51.4319N 58d54.0002W",4,4,4,55,75,"P","Trav","northern bottlenose","C1:   9993-0079  C2:621-673","d  d",1,NA,"na",2021-08-22 15:00:00,NA,NA,NA,NA,43.8571983333333,58.9000033333333,171,"Hyp","Hyperoodon ampullatus","northern bottlenose whale",0.0800000000000001,2021-08-22,20.2,13,8,3
"172",2021-08-22 15:10:00,146,"43d51.1715N 58d53.9324W",1,1,1,120,90,"S",NA,"sowerby's","C1:     C2:","d  d",1,NA,"na",2021-08-22 15:12:00,NA,NA,NA,NA,43.8528583333333,58.8988733333333,172,"Meso","Mesoplodon bidens","sowerby’s beaked whale",0.249158249158249,2021-08-22,20.2,7,8,3
"173",2021-08-22 15:29:00,149,"43d51.6564N 58d54.4649W",1,2,2,200,80,"P","Rest","pilot whale","C1:     C2:","43d51.5887N 58d54.8262W",1,NA,"na",2021-08-22 15:25:00,NA,NA,NA,NA,43.86094,58.9077483333333,173,"Glob","Globicephala melas","pilot whale",0,2021-08-22,20.2,26,8,3
"174",2021-08-22 15:36:00,150,"43d51.5928N 58d54.8289W",1,1,1,300,175,"S",NA,"sowerby's","C1:     C2:","43d51.5893N 58d54.7431W",1,NA,"na",2021-08-22 15:40:00,NA,NA,NA,NA,43.85988,58.913815,174,"Meso","Mesoplodon bidens","sowerby’s beaked whale",0.249158249158249,2021-08-22,20.2,33,8,3
"175",2021-08-22 15:28:00,148,"43d51.672N 58d54.2797W",2,2,2,300,90,"P","Mill","northern bottlenose","C1:0080-0127     C2: 675 - 763","43d51.6188N 58d54.7358W",1,NA,"c1 photos from mast",2021-08-22 15:38:00,NA,NA,NA,NA,43.8612,58.9046616666667,175,"Hyp","Hyperoodon ampullatus","northern bottlenose whale",0.0800000000000001,2021-08-22,20.2,25,8,3
"176",2021-08-22 15:49:00,149,"43d51.6674N 58d54.8609W",1,1,1,500,35,"S",NA,"northern bottlenose","C1:     C2:","d  d",1,NA,"na",2021-08-22 16:03:00,NA,NA,NA,NA,43.8611233333333,58.9143483333333,176,"Hyp","Hyperoodon ampullatus","northern bottlenose whale",0.0800000000000001,2021-08-22,20.2,46,8,3
"177",2021-08-22 16:12:00,151,"43d52.3611N 58d55.4838W",2,2,3,200,40,"S",NA,"sowerby's","C1:     C2:","d  d",1,NA,"na",2021-08-22 16:13:00,NA,NA,NA,NA,43.872685,58.92473,177,"Meso","Mesoplodon bidens","sowerby’s beaked whale",0.249158249158249,2021-08-22,20.2,1.15,8,3
"178",2021-08-22 16:08:00,150,"43d52.2302N 58d55.3439W",1,1,1,700,50,"S",NA,"northern bottlenose","C1:  0128-0130   C2:","d  d",1,NA,"na",2021-08-22 16:19:00,NA,NA,NA,NA,43.8705033333333,58.9223983333333,178,"Hyp","Hyperoodon ampullatus","northern bottlenose whale",0.0800000000000001,2021-08-22,20.2,1.08333333333333,8,3
"179",2021-08-22 17:40:00,152,"43d51.1613N 58d55.1241W",3,3,3,600,110,"S",NA,"northern bottlenose","C1: 132 - 138     C2: 765 - 850","43d50.7832N 58d53.9658W",1,NA,"na",2021-08-22 18:10:00,NA,NA,NA,NA,43.8526883333333,58.918735,179,"Hyp","Hyperoodon ampullatus","northern bottlenose whale",0.0800000000000001,2021-08-22,20.2,22,7,5
"180",2021-08-22 18:43:00,153,"43d50.8064N 58d54.4253W",4,5,6,20,120,"P","Trav","pilot whale","C1:     C2:","d  d",1,NA,"na",2021-08-22 18:47:00,NA,NA,NA,NA,43.8467733333333,58.9070883333333,180,"Glob","Globicephala melas","pilot whale",0,2021-08-22,20.2,41,7,5
"181",2021-08-22 18:47:00,154,"43d50.81N 58d54.4354W",2,2,2,300,10,"S","Trav Mill","northern bottlenose","C1: 140-159    C2:","d  d",1,NA,"na",2021-08-22 19:00:00,NA,NA,NA,NA,43.8468333333333,58.9072566666667,181,"Hyp","Hyperoodon ampullatus","northern bottlenose whale",0.0800000000000001,2021-08-22,20.2,45,7,5
"182",2021-08-22 19:00:00,155,"43d50.5447N 58d54.2574W",2,3,5,400,175,"P","Trav","pilot whale","C1:     C2:","d  d",1,NA,"na",2021-08-22 19:01:00,NA,NA,NA,NA,43.8424116666667,58.90429,182,"Glob","Globicephala melas","pilot whale",0,2021-08-22,20.2,58,7,5
"183",2021-08-22 19:13:00,157,"43d50.8436N 58d53.5774W",2,2,2,70,30,"S","Trav","sowerby's","C1: 0161-0164    C2:","d  d",1,NA,"na",2021-08-22 19:17:00,NA,NA,NA,NA,43.8473933333333,58.8929566666667,183,"Meso","Mesoplodon bidens","sowerby’s beaked whale",0.249158249158249,2021-08-22,20.2,1.18333333333333,7,5
"184",2021-08-22 19:24:00,158,"43d50.7668N 58d53.5007W",3,3,3,100,65,"P",NA,"sowerby's","C1:     C2:","d  d",1,NA,"na",2021-08-22 19:26:00,NA,NA,NA,NA,43.8461133333333,58.8916783333333,184,"Meso","Mesoplodon bidens","sowerby’s beaked whale",0.249158249158249,2021-08-22,20.2,1.36666666666667,7,5
"185",2021-08-22 19:10:00,156,"43d50.6855N 58d53.5743W",3,5,5,300,90,"P","Trav","northern bottlenose","C1:  0165-0206  C2:860-956","d  d",1,NA,"na",2021-08-22 19:38:00,NA,NA,NA,NA,43.8447583333333,58.892905,185,"Hyp","Hyperoodon ampullatus","northern bottlenose whale",0.0800000000000001,2021-08-22,20.2,1.13333333333333,7,5
"186",2021-08-22 19:48:00,160,"43d50.6016N 58d53.7155W",5,5,5,10,160,"P","Mill","sowerby's","C1:     C2:","d  d",1,NA,"na",2021-08-22 19:54:00,NA,NA,NA,NA,43.84336,58.8952583333333,186,"Meso","Mesoplodon bidens","sowerby’s beaked whale",0.249158249158249,2021-08-22,20.2,1.25,5,5
"187",2021-08-22 20:00:00,161,"43d50.6234N 58d53.8348W",2,2,2,30,50,"P","Trav","northern bottlenose","C1:     C2:","d  d",1,NA,"na",2021-08-22 20:01:00,NA,NA,NA,NA,43.8437233333333,58.8972466666667,187,"Hyp","Hyperoodon ampullatus","northern bottlenose whale",0.0800000000000001,2021-08-22,20.2,1.05,5,5
"188",2021-08-23 07:51:00,162,"43d26.2606N 59d55.1374W",2,3,5,200,150,"P","Trav","pilot whale","C1:     C2:","43d25.6562N 59d56.5362W",1,NA,"na",2021-08-23 07:54:00,NA,NA,NA,NA,43.4376766666667,59.9189566666667,188,"Glob","Globicephala melas","pilot whale",0,2021-08-23,20.3,1.18333333333333,13,5
